Gene,Complex,A,T,G,C,Mean_GC_percent,Mean_AT_percent,Mean_Length_bp
ATP6,Complex V,243.1,251.68,66.49,116.35,26.98,73.01,678.0
ATP8,Complex V,68.34,58.65,8.04,25.76,21.02,78.98,161.0
COI,Complex IV,492.19,527.85,228.48,266.72,32.68,67.31,1515.0
COII,Complex IV,248.93,230.68,85.8,119.11,29.93,70.06,685.0
COIII,Complex IV,260.54,275.61,110.7,143.78,32.19,67.81,791.0
CYTB,Complex III,382.96,417.93,139.35,198.43,29.66,70.33,1139.0
ND1,Complex I,234.75,467.85,152.29,90.92,25.71,74.28,946.0
ND2,Complex I,378.15,373.22,100.11,169.94,26.44,73.56,1021.0
ND3,Complex I,127.09,131.39,37.85,57.11,26.87,73.13,353.0
ND4,Complex I,335.34,664.09,217.98,118.24,25.17,74.81,1336.0
ND4L,Complex I,67.26,160.34,44.58,22.04,22.64,77.35,294.0
ND5,Complex I,455.22,844.47,268.82,157.39,24.69,75.3,1726.0
ND6,Complex I,213.06,199.71,34.48,72.94,20.65,79.34,520.0
